,a,b,c,agg_level,mean,entertainment_segment_lifetime
0,0.008336353301106075,-1.211158868472006,0.044386962084447756,new,1.10826,genpop
1,0.010934724971647759,-0.3603570659122485,0.045212477941891774,library,6.358236,genpop
2,0.0067737632196426855,-1.1615487808542595,0.023938243175389968,new,1.241148023549201,Adult Animation Watchers
3,0.008476509076957526,-0.4079615223517721,0.031635745840902375,library,8.01215306980656,Adult Animation Watchers
